model_name,date,game_pk,game_start_time,home_team,away_team,predicted_winner,actual_winner,correct,is_qualified_pick,qualification_gates_passed,qualification_status,qualification_reasons,home_win_probability,away_win_probability,prediction_confidence,confidence_threshold,reliability_score,reliability_threshold,expert_disagreement,max_expert_std,advanced_feature_completeness,minimum_feature_completeness,expert_probability_mean,expert_probability_min,expert_probability_max,actual_home_score,actual_away_score,moneyline_bookmaker,pregame_home_moneyline,pregame_away_moneyline,simulated_bet_stake,simulated_bet_team,simulated_bet_moneyline,simulated_bet_bookmaker,simulated_bet_placed_at,simulated_bet_status,simulated_bet_profit_loss
Savant Fusion v3,2026-09-18,822847,2026-09-19T00:05:00Z,Texas Rangers,Toronto Blue Jays,Toronto Blue Jays,Texas Rangers,0,False,2,2/4 qualification gates passed,away confidence below 64%; reliability below 56%,0.4355,0.5645,0.5645,0.64,0.5323,0.56,0.0337,0.05,1.0,0.7,0.4250875,0.3811,0.4911,7,1,FanDuel,116,-136,100.0,Toronto Blue Jays,-136,FanDuel,2026-09-18T18:27:14.927893Z,lost,-100.0
Savant Fusion v3,2026-09-18,822923,2026-09-18T23:10:00Z,Tampa Bay Rays,Boston Red Sox,Boston Red Sox,Boston Red Sox,1,False,2,2/4 qualification gates passed,away confidence below 64%; reliability below 56%,0.4784,0.5216,0.5216,0.64,0.55,0.56,0.0386,0.05,1.0,0.7,0.4364625,0.3939,0.5048,2,4,FanDuel,-138,118,100.0,Boston Red Sox,112,FanDuel,2026-09-18T18:27:14.926894Z,won,112.0
Savant Fusion v3,2026-09-18,823005,2026-09-19T00:15:00Z,St. Louis Cardinals,Washington Nationals,St. Louis Cardinals,Washington Nationals,0,False,2,2/4 qualification gates passed,home confidence below 64%; reliability below 56%,0.5538,0.4462,0.5538,0.64,0.5232,0.56,0.0357,0.05,1.0,0.7,0.55795,0.5075,0.6084,1,9,FanDuel,-106,-110,100.0,St. Louis Cardinals,-108,FanDuel,2026-09-18T18:27:14.929894Z,lost,-100.0
Savant Fusion v3,2026-09-18,823252,2026-09-19T01:40:00Z,San Diego Padres,Miami Marlins,San Diego Padres,San Diego Padres,1,False,3,3/4 qualification gates passed,reliability below 56%,0.6549,0.3451,0.6549,0.64,0.5539,0.56,0.0216,0.05,1.0,0.7,0.657875,0.6359,0.6881,8,2,FanDuel,-205,172,100.0,San Diego Padres,-200,FanDuel,2026-09-18T18:27:14.930894Z,won,50.0
Savant Fusion v3,2026-09-18,823331,2026-09-18T22:40:00Z,Pittsburgh Pirates,Kansas City Royals,Pittsburgh Pirates,Pittsburgh Pirates,1,False,2,2/4 qualification gates passed,home confidence below 64%; reliability below 56%,0.5252,0.4748,0.5252,0.64,0.5354,0.56,0.0372,0.05,1.0,0.7,0.5413875,0.4962,0.5994,8,5,FanDuel,-190,160,100.0,Pittsburgh Pirates,-190,FanDuel,2026-09-18T18:27:14.924888Z,won,52.63
Savant Fusion v3,2026-09-18,823572,2026-09-18T23:15:00Z,New York Mets,Philadelphia Phillies,New York Mets,New York Mets,1,False,2,2/4 qualification gates passed,home confidence below 64%; reliability below 56%,0.5076,0.4924,0.5076,0.64,0.5198,0.56,0.0282,0.05,1.0,0.7,0.516875,0.4706,0.5519,6,3,FanDuel,-124,106,100.0,New York Mets,-112,FanDuel,2026-09-18T18:27:14.926894Z,won,89.29
Savant Fusion v3,2026-09-18,823898,2026-09-19T02:15:00Z,Los Angeles Dodgers,San Francisco Giants,Los Angeles Dodgers,Los Angeles Dodgers,1,False,3,3/4 qualification gates passed,home confidence below 64%,0.5546,0.4454,0.5546,0.64,0.5653,0.56,0.0422,0.05,1.0,0.7,0.5224624999999999,0.4494,0.5856,8,2,FanDuel,-310,250,100.0,Los Angeles Dodgers,-310,FanDuel,2026-09-18T18:27:14.931893Z,won,32.26
Savant Fusion v3,2026-09-18,823977,2026-09-19T01:38:00Z,Los Angeles Angels,Minnesota Twins,Los Angeles Angels,Minnesota Twins,0,False,2,2/4 qualification gates passed,home confidence below 64%; reliability below 56%,0.5135,0.4865,0.5135,0.64,0.5473,0.56,0.0401,0.05,1.0,0.7,0.5270875,0.4653,0.58,0,3,FanDuel,100,-118,100.0,Los Angeles Angels,100,FanDuel,2026-09-18T18:27:14.929894Z,lost,-100.0
Savant Fusion v3,2026-09-18,824138,2026-09-19T00:10:00Z,Houston Astros,Atlanta Braves,Atlanta Braves,Atlanta Braves,1,False,2,2/4 qualification gates passed,away confidence below 64%; reliability below 56%,0.4981,0.5019,0.5019,0.64,0.5409,0.56,0.0274,0.05,1.0,0.7,0.5033375,0.4631,0.5536,2,6,FanDuel,-102,-116,100.0,Atlanta Braves,-116,FanDuel,2026-09-18T18:27:14.928893Z,won,86.21
Savant Fusion v3,2026-09-18,824303,2026-09-19T00:10:00Z,Colorado Rockies,Seattle Mariners,Seattle Mariners,Seattle Mariners,1,False,2,2/4 qualification gates passed,away confidence below 64%; reliability below 56%,0.394,0.606,0.606,0.64,0.5504,0.56,0.0145,0.05,1.0,0.7,0.382275,0.3532,0.395,4,5,FanDuel,156,-186,100.0,Seattle Mariners,-194,FanDuel,2026-09-18T18:27:14.928893Z,won,51.55
Savant Fusion v3,2026-09-18,824383,2026-09-18T23:10:00Z,Cleveland Guardians,Athletics,Cleveland Guardians,Cleveland Guardians,1,False,2,2/4 qualification gates passed,home confidence below 64%; advanced-data completeness too low,0.6379,0.3621,0.6379,0.64,0.5836,0.56,0.0245,0.05,0.6786,0.7,0.6328374999999999,0.585,0.6658,5,3,FanDuel,-240,198,100.0,Cleveland Guardians,-230,FanDuel,2026-09-18T18:27:14.925894Z,won,43.48
Savant Fusion v3,2026-09-18,824463,2026-09-18T22:40:00Z,Cincinnati Reds,Chicago Cubs,Chicago Cubs,Cincinnati Reds,0,False,2,2/4 qualification gates passed,away confidence below 64%; reliability below 56%,0.4673,0.5327,0.5327,0.64,0.5523,0.56,0.0203,0.05,1.0,0.7,0.4530875,0.4233,0.476,6,4,FanDuel,118,-138,100.0,Chicago Cubs,-134,FanDuel,2026-09-18T18:27:14.924888Z,lost,-100.0
Savant Fusion v3,2026-09-18,824547,2026-09-18T23:40:00Z,Chicago White Sox,Detroit Tigers,Chicago White Sox,Detroit Tigers,0,False,2,2/4 qualification gates passed,home confidence below 64%; reliability below 56%,0.5499,0.4501,0.5499,0.64,0.5336,0.56,0.042,0.05,1.0,0.7,0.5464500000000001,0.4832,0.5991,8,11,FanDuel,-130,110,100.0,Chicago White Sox,-130,FanDuel,2026-09-18T18:27:14.927893Z,lost,-100.0
Savant Fusion v3,2026-09-18,824790,2026-09-18T23:05:00Z,Baltimore Orioles,Milwaukee Brewers,Milwaukee Brewers,Milwaukee Brewers,1,False,1,1/4 qualification gates passed,away confidence below 64%; reliability below 56%; expert disagreement too high,0.4714,0.5286,0.5286,0.64,0.55,0.56,0.0586,0.05,1.0,0.7,0.481575,0.4054,0.5978,5,6,FanDuel,122,-144,100.0,Milwaukee Brewers,-142,FanDuel,2026-09-18T18:27:14.925894Z,won,70.42
Savant Fusion v3,2026-09-18,825032,2026-09-19T01:40:00Z,Arizona Diamondbacks,New York Yankees,New York Yankees,New York Yankees,1,False,1,1/4 qualification gates passed,away confidence below 64%; reliability below 56%; expert disagreement too high,0.4838,0.5162,0.5162,0.64,0.5252,0.56,0.0534,0.05,1.0,0.7,0.4563874999999999,0.3469,0.5145,2,9,FanDuel,-116,-102,100.0,New York Yankees,-118,FanDuel,2026-09-18T18:27:14.930894Z,won,84.75
Savant Fusion v3,2026-09-19,822843,2026-09-19T23:05:00Z,Texas Rangers,Toronto Blue Jays,Toronto Blue Jays,Texas Rangers,0,False,2,2/4 qualification gates passed,away confidence below 64%; reliability below 56%,0.4689,0.5311,0.5311,0.64,0.5588,0.56,0.0181,0.05,1.0,0.7,0.4609875,0.4342,0.4845,6,2,FanDuel,-116,-102,100.0,Toronto Blue Jays,-120,FanDuel,2026-09-19T05:00:37.603750Z,lost,-100.0
Savant Fusion v3,2026-09-19,822921,2026-09-19T20:10:00Z,Tampa Bay Rays,Boston Red Sox,Tampa Bay Rays,Tampa Bay Rays,1,False,3,3/4 qualification gates passed,home confidence below 64%,0.502,0.498,0.502,0.64,0.6092,0.56,0.0303,0.05,1.0,0.7,0.4774374999999999,0.4307,0.5341,2,1,FanDuel,-144,122,100.0,Tampa Bay Rays,-134,FanDuel,2026-09-19T05:00:37.600750Z,won,74.63
Savant Fusion v3,2026-09-19,823003,2026-09-19T23:15:00Z,St. Louis Cardinals,Washington Nationals,St. Louis Cardinals,Washington Nationals,0,False,2,2/4 qualification gates passed,home confidence below 64%; reliability below 56%,0.5627,0.4373,0.5627,0.64,0.5312,0.56,0.0275,0.05,1.0,0.7,0.5792375000000001,0.5265,0.6067,5,8,FanDuel,-108,-108,100.0,St. Louis Cardinals,-130,FanDuel,2026-09-19T05:00:37.603750Z,lost,-100.0
Savant Fusion v3,2026-09-19,823249,2026-09-20T00:40:00Z,San Diego Padres,Miami Marlins,San Diego Padres,San Diego Padres,1,False,3,3/4 qualification gates passed,home confidence below 64%,0.5752,0.4248,0.5752,0.64,0.5701,0.56,0.0135,0.05,1.0,0.7,0.564375,0.5467,0.5842,7,6,FanDuel,-156,132,100.0,San Diego Padres,-156,FanDuel,2026-09-19T05:00:37.605750Z,won,64.1
Savant Fusion v3,2026-09-19,823330,2026-09-19T22:40:00Z,Pittsburgh Pirates,Kansas City Royals,Pittsburgh Pirates,Pittsburgh Pirates,1,False,1,1/4 qualification gates passed,home confidence below 64%; reliability below 56%; expert disagreement too high,0.5668,0.4332,0.5668,0.64,0.5125,0.56,0.0507,0.05,1.0,0.7,0.6038625,0.5259,0.6596,6,5,FanDuel,-116,-102,100.0,Pittsburgh Pirates,-108,FanDuel,2026-09-19T05:00:37.602750Z,won,92.59
Savant Fusion v3,2026-09-19,823571,2026-09-19T20:10:00Z,New York Mets,Philadelphia Phillies,New York Mets,New York Mets,1,False,2,2/4 qualification gates passed,home confidence below 64%; reliability below 56%,0.5851,0.4149,0.5851,0.64,0.5387,0.56,0.0335,0.05,1.0,0.7,0.5872875,0.5455,0.6309,10,3,FanDuel,-120,102,100.0,New York Mets,-120,FanDuel,2026-09-19T05:00:37.601750Z,won,83.33
Savant Fusion v3,2026-09-19,823899,2026-09-20T01:10:00Z,Los Angeles Dodgers,San Francisco Giants,Los Angeles Dodgers,Los Angeles Dodgers,1,False,3,3/4 qualification gates passed,home confidence below 64%,0.6268,0.3732,0.6268,0.64,0.5801,0.56,0.0366,0.05,1.0,0.7,0.6100999999999999,0.5538,0.6472,10,4,FanDuel,-450,350,100.0,Los Angeles Dodgers,-3000,FanDuel,2026-09-19T05:00:37.605750Z,won,3.33
Savant Fusion v3,2026-09-19,823976,2026-09-20T01:38:00Z,Los Angeles Angels,Minnesota Twins,Los Angeles Angels,Los Angeles Angels,1,False,3,3/4 qualification gates passed,home confidence below 64%,0.5112,0.4888,0.5112,0.64,0.5625,0.56,0.0368,0.05,1.0,0.7,0.509875,0.4579,0.5696,6,5,FanDuel,-118,100,100.0,Los Angeles Angels,-108,FanDuel,2026-09-19T05:00:37.605750Z,won,92.59
Savant Fusion v3,2026-09-19,824137,2026-09-19T23:10:00Z,Houston Astros,Atlanta Braves,Houston Astros,Atlanta Braves,0,False,2,2/4 qualification gates passed,home confidence below 64%; reliability below 56%,0.5356,0.4644,0.5356,0.64,0.5555,0.56,0.0306,0.05,1.0,0.7,0.534875,0.4984,0.5816,3,6,FanDuel,-134,114,100.0,Houston Astros,-118,FanDuel,2026-09-19T05:00:37.603750Z,lost,-100.0
Savant Fusion v3,2026-09-19,824304,2026-09-20T00:10:00Z,Colorado Rockies,Seattle Mariners,Seattle Mariners,Colorado Rockies,0,False,2,2/4 qualification gates passed,away confidence below 64%; reliability below 56%,0.385,0.615,0.615,0.64,0.5381,0.56,0.0251,0.05,1.0,0.7,0.3704874999999999,0.3333,0.4097,5,3,FanDuel,130,-154,100.0,Seattle Mariners,-162,FanDuel,2026-09-19T08:31:45.712449Z,lost,-100.0
Savant Fusion v3,2026-09-19,824380,2026-09-19T22:10:00Z,Cleveland Guardians,Athletics,Cleveland Guardians,Cleveland Guardians,1,False,3,3/4 qualification gates passed,home confidence below 64%,0.5872,0.4128,0.5872,0.64,0.5701,0.56,0.04,0.05,1.0,0.7,0.5692,0.4991,0.6215,12,6,FanDuel,-178,150,100.0,Cleveland Guardians,-178,FanDuel,2026-09-19T05:00:37.602750Z,won,56.18
Savant Fusion v3,2026-09-19,824461,2026-09-19T22:40:00Z,Cincinnati Reds,Chicago Cubs,Cincinnati Reds,Chicago Cubs,0,False,1,1/4 qualification gates passed,home confidence below 64%; reliability below 56%; expert disagreement too high,0.5067,0.4933,0.5067,0.64,0.5373,0.56,0.0612,0.05,1.0,0.7,0.5457125,0.4585,0.6226,2,5,FanDuel,124,-146,100.0,Cincinnati Reds,114,FanDuel,2026-09-19T05:00:37.602750Z,lost,-100.0
Savant Fusion v3,2026-09-19,824545,2026-09-19T18:10:00Z,Chicago White Sox,Detroit Tigers,Detroit Tigers,Chicago White Sox,0,False,2,2/4 qualification gates passed,away confidence below 64%; reliability below 56%,0.4769,0.5231,0.5231,0.64,0.5553,0.56,0.024,0.05,1.0,0.7,0.4612625,0.4174,0.4855,3,1,FanDuel,-126,108,100.0,Detroit Tigers,116,FanDuel,2026-09-19T05:00:37.600750Z,lost,-100.0
Savant Fusion v3,2026-09-19,824788,2026-09-19T20:05:00Z,Baltimore Orioles,Milwaukee Brewers,Milwaukee Brewers,Milwaukee Brewers,1,False,1,1/4 qualification gates passed,away confidence below 64%; reliability below 56%; expert disagreement too high,0.4762,0.5238,0.5238,0.64,0.5527,0.56,0.0538,0.05,1.0,0.7,0.4483625,0.3866,0.5256,0,1,FanDuel,-108,-108,100.0,Milwaukee Brewers,-132,FanDuel,2026-09-19T05:00:37.600750Z,won,75.76
Savant Fusion v3,2026-09-19,825029,2026-09-20T00:10:00Z,Arizona Diamondbacks,New York Yankees,New York Yankees,Arizona Diamondbacks,0,False,2,2/4 qualification gates passed,away confidence below 64%; reliability below 56%,0.4283,0.5717,0.5717,0.64,0.5078,0.56,0.0447,0.05,1.0,0.7,0.3779875,0.3264,0.4605,5,3,FanDuel,138,-164,100.0,New York Yankees,-132,FanDuel,2026-09-19T05:00:37.604750Z,lost,-100.0
Savant Fusion v3,2026-09-20,822844,2026-09-20T18:35:00Z,Texas Rangers,Toronto Blue Jays,Texas Rangers,Toronto Blue Jays,0,False,2,2/4 qualification gates passed,home confidence below 64%; reliability below 56%,0.5044,0.4956,0.5044,0.64,0.5565,0.56,0.0361,0.05,1.0,0.7,0.4952125,0.4192,0.5446,2,7,FanDuel,-168,142,100.0,Texas Rangers,-168,FanDuel,2026-09-20T08:36:45.142238Z,lost,-100.0
Savant Fusion v3,2026-09-20,822922,2026-09-20T17:40:00Z,Tampa Bay Rays,Boston Red Sox,Boston Red Sox,Tampa Bay Rays,0,False,3,3/4 qualification gates passed,away confidence below 64%,0.4974,0.5026,0.5026,0.64,0.5851,0.56,0.0206,0.05,1.0,0.7,0.481025,0.4366,0.504,5,1,FanDuel,-144,122,100.0,Boston Red Sox,126,FanDuel,2026-09-20T05:00:46.851656Z,lost,-100.0
Savant Fusion v3,2026-09-20,823001,2026-09-20T18:15:00Z,St. Louis Cardinals,Washington Nationals,St. Louis Cardinals,St. Louis Cardinals,1,False,2,2/4 qualification gates passed,home confidence below 64%; reliability below 56%,0.6281,0.3719,0.6281,0.64,0.5546,0.56,0.0416,0.05,1.0,0.7,0.6586875000000001,0.593,0.7043,5,3,FanDuel,-130,110,100.0,St. Louis Cardinals,-144,FanDuel,2026-09-20T05:00:46.852656Z,won,69.44
Savant Fusion v3,2026-09-20,823247,2026-09-20T20:10:00Z,San Diego Padres,Miami Marlins,San Diego Padres,San Diego Padres,1,False,3,3/4 qualification gates passed,home confidence below 64%,0.6211,0.3789,0.6211,0.64,0.5611,0.56,0.015,0.05,1.0,0.7,0.6223749999999999,0.6071,0.6482,7,3,FanDuel,-154,130,100.0,San Diego Padres,-134,FanDuel,2026-09-20T05:00:46.854656Z,won,74.63
Savant Fusion v3,2026-09-20,823329,2026-09-20T17:35:00Z,Pittsburgh Pirates,Kansas City Royals,Pittsburgh Pirates,Pittsburgh Pirates,1,False,2,2/4 qualification gates passed,home confidence below 64%; reliability below 56%,0.5376,0.4624,0.5376,0.64,0.5178,0.56,0.0467,0.05,1.0,0.7,0.549925,0.4813,0.6197,4,3,FanDuel,-118,100,100.0,Pittsburgh Pirates,-102,FanDuel,2026-09-20T05:00:46.849656Z,won,98.04
Savant Fusion v3,2026-09-20,823570,2026-09-20T17:10:00Z,New York Mets,Philadelphia Phillies,New York Mets,Philadelphia Phillies,0,False,2,2/4 qualification gates passed,home confidence below 64%; reliability below 56%,0.5141,0.4859,0.5141,0.64,0.5461,0.56,0.0232,0.05,1.0,0.7,0.5042500000000001,0.4689,0.5356,2,7,FanDuel,136,-162,100.0,New York Mets,144,FanDuel,2026-09-20T05:00:46.849656Z,lost,-100.0
Savant Fusion v3,2026-09-20,823896,2026-09-20T20:10:00Z,Los Angeles Dodgers,San Francisco Giants,Los Angeles Dodgers,Los Angeles Dodgers,1,True,4,Qualified,qualified,0.6731,0.3269,0.6731,0.64,0.5963,0.56,0.0379,0.05,1.0,0.7,0.693725,0.641,0.7541,3,1,FanDuel,-270,220,100.0,Los Angeles Dodgers,-270,FanDuel,2026-09-20T10:37:47.054100Z,won,37.04
Savant Fusion v3,2026-09-20,823975,2026-09-20T20:07:00Z,Los Angeles Angels,Minnesota Twins,Minnesota Twins,Minnesota Twins,1,False,1,1/4 qualification gates passed,away confidence below 64%; reliability below 56%; expert disagreement too high,0.4907,0.5093,0.5093,0.64,0.542,0.56,0.055,0.05,1.0,0.7,0.510025,0.4328,0.5791,0,8,FanDuel,100,-118,100.0,Minnesota Twins,-122,FanDuel,2026-09-20T05:00:46.853656Z,won,81.97
Savant Fusion v3,2026-09-20,824139,2026-09-20T18:10:00Z,Houston Astros,Atlanta Braves,Houston Astros,Atlanta Braves,0,False,2,2/4 qualification gates passed,home confidence below 64%; reliability below 56%,0.5358,0.4642,0.5358,0.64,0.541,0.56,0.0475,0.05,1.0,0.7,0.5585500000000001,0.4959,0.6194,2,4,FanDuel,-154,130,100.0,Houston Astros,-142,FanDuel,2026-09-20T05:00:46.851656Z,lost,-100.0
Savant Fusion v3,2026-09-20,824300,2026-09-20T19:10:00Z,Colorado Rockies,Seattle Mariners,Seattle Mariners,Seattle Mariners,1,False,2,2/4 qualification gates passed,away confidence below 64%; reliability below 56%,0.4212,0.5788,0.5788,0.64,0.5431,0.56,0.0202,0.05,1.0,0.7,0.4239,0.3788,0.4419,1,2,FanDuel,138,-164,100.0,Seattle Mariners,-164,FanDuel,2026-09-20T05:00:46.853656Z,won,60.98
Savant Fusion v3,2026-09-20,824381,2026-09-20T17:40:00Z,Cleveland Guardians,Athletics,Cleveland Guardians,Cleveland Guardians,1,True,4,Qualified,qualified,0.6445,0.3555,0.6445,0.64,0.5955,0.56,0.031,0.05,1.0,0.7,0.6497125,0.6129,0.6954,1,0,FanDuel,-245,200,100.0,Cleveland Guardians,-230,FanDuel,2026-09-20T05:00:46.850656Z,won,43.48
Savant Fusion v3,2026-09-20,824462,2026-09-20T17:40:00Z,Cincinnati Reds,Chicago Cubs,Chicago Cubs,Chicago Cubs,1,False,1,1/4 qualification gates passed,away confidence below 64%; reliability below 56%; expert disagreement too high,0.485,0.515,0.515,0.64,0.5376,0.56,0.0674,0.05,1.0,0.7,0.5246249999999999,0.4084,0.6187,1,9,FanDuel,132,-156,100.0,Chicago Cubs,-154,FanDuel,2026-09-20T06:36:41.273359Z,won,64.94
Savant Fusion v3,2026-09-20,824546,2026-09-20T18:10:00Z,Chicago White Sox,Detroit Tigers,Chicago White Sox,Chicago White Sox,1,False,2,2/4 qualification gates passed,home confidence below 64%; reliability below 56%,0.5019,0.4981,0.5019,0.64,0.545,0.56,0.0226,0.05,1.0,0.7,0.5091874999999999,0.4824,0.5455,8,1,FanDuel,-118,100,100.0,Chicago White Sox,-116,FanDuel,2026-09-20T05:00:46.851656Z,won,86.21
Savant Fusion v3,2026-09-20,824789,2026-09-20T23:20:00Z,Baltimore Orioles,Milwaukee Brewers,Milwaukee Brewers,Milwaukee Brewers,1,False,1,1/4 qualification gates passed,away confidence below 64%; reliability below 56%; expert disagreement too high,0.4286,0.5714,0.5714,0.64,0.5299,0.56,0.059,0.05,1.0,0.7,0.4455375,0.3789,0.5527,0,3,FanDuel,176,-210,100.0,Milwaukee Brewers,-215,FanDuel,2026-09-20T05:00:46.855656Z,won,46.51
Savant Fusion v3,2026-09-20,825028,2026-09-20T20:10:00Z,Arizona Diamondbacks,New York Yankees,New York Yankees,Arizona Diamondbacks,0,False,2,2/4 qualification gates passed,away confidence below 64%; reliability below 56%,0.4989,0.5011,0.5011,0.64,0.552,0.56,0.0175,0.05,1.0,0.7,0.4932875,0.4684,0.5128,8,4,FanDuel,-120,102,100.0,New York Yankees,-110,FanDuel,2026-09-20T05:00:46.854656Z,lost,-100.0
Savant Fusion v3,2026-09-21,823169,2026-09-22T01:45:00Z,San Francisco Giants,Minnesota Twins,San Francisco Giants,San Francisco Giants,1,False,3,3/4 qualification gates passed,home confidence below 64%,0.5015,0.4985,0.5015,0.64,0.5652,0.56,0.0238,0.05,1.0,0.7,0.490125,0.4531,0.5318,5,2,FanDuel,108,-126,100.0,Minnesota Twins,-118,FanDuel,2026-09-21T05:00:28.648148Z,lost,-100.0
Savant Fusion v3,2026-09-21,824221,2026-09-21T22:40:00Z,Detroit Tigers,Washington Nationals,Detroit Tigers,Detroit Tigers,1,False,2,2/4 qualification gates passed,home confidence below 64%; reliability below 56%,0.5453,0.4547,0.5453,0.64,0.5549,0.56,0.0217,0.05,1.0,0.7,0.531725,0.4983,0.5697,9,2,FanDuel,-134,114,100.0,Detroit Tigers,-156,FanDuel,2026-09-21T05:00:28.648148Z,won,64.1
Savant Fusion v3,2026-09-21,824787,2026-09-21T22:35:00Z,Baltimore Orioles,Toronto Blue Jays,Baltimore Orioles,Baltimore Orioles,1,False,2,2/4 qualification gates passed,home confidence below 64%; reliability below 56%,0.5491,0.4509,0.5491,0.64,0.5253,0.56,0.0498,0.05,1.0,0.7,0.565075,0.5078,0.6384,4,3,FanDuel,-108,-108,100.0,Baltimore Orioles,-112,FanDuel,2026-09-21T05:00:28.647148Z,won,89.29
Savant Fusion v3,2026-09-22,822840,2026-09-23T00:05:00Z,Texas Rangers,New York Mets,New York Mets,New York Mets,1,False,2,2/4 qualification gates passed,away confidence below 64%; reliability below 56%,0.4665,0.5335,0.5335,0.64,0.5543,0.56,0.0494,0.05,1.0,0.7,0.496075,0.4018,0.5454,3,6,FanDuel,-130,110,100.0,New York Mets,122,FanDuel,2026-09-22T05:00:35.016953Z,won,122.0
Savant Fusion v3,2026-09-22,823089,2026-09-23T01:40:00Z,Seattle Mariners,Houston Astros,Seattle Mariners,Houston Astros,0,False,3,3/4 qualification gates passed,home confidence below 64%,0.5451,0.4549,0.5451,0.64,0.5635,0.56,0.0116,0.05,1.0,0.7,0.53835,0.5226,0.5494,0,7,FanDuel,-142,120,100.0,Seattle Mariners,-148,FanDuel,2026-09-22T05:00:35.017953Z,lost,-100.0
Savant Fusion v3,2026-09-22,823166,2026-09-23T01:45:00Z,San Francisco Giants,Minnesota Twins,San Francisco Giants,Minnesota Twins,0,False,3,3/4 qualification gates passed,home confidence below 64%,0.5001,0.4999,0.5001,0.64,0.5744,0.56,0.0274,0.05,1.0,0.7,0.4906625,0.4524,0.5371,2,3,FanDuel,114,-134,100.0,Minnesota Twins,-134,FanDuel,2026-09-22T05:00:35.018953Z,won,74.63
Savant Fusion v3,2026-09-22,823328,2026-09-22T22:40:00Z,Pittsburgh Pirates,St. Louis Cardinals,Pittsburgh Pirates,Pittsburgh Pirates,1,False,2,2/4 qualification gates passed,home confidence below 64%; reliability below 56%,0.5169,0.4831,0.5169,0.64,0.5406,0.56,0.0359,0.05,1.0,0.7,0.5001125000000001,0.4273,0.5395,2,0,FanDuel,-172,144,100.0,Pittsburgh Pirates,-148,FanDuel,2026-09-22T05:00:35.013953Z,won,67.57
Savant Fusion v3,2026-09-22,823412,2026-09-22T22:40:00Z,Philadelphia Phillies,Milwaukee Brewers,Milwaukee Brewers,Philadelphia Phillies,0,False,2,2/4 qualification gates passed,away confidence below 64%; reliability below 56%,0.4923,0.5077,0.5077,0.64,0.5393,0.56,0.0484,0.05,1.0,0.7,0.486175,0.4071,0.5378,6,4,FanDuel,-142,120,100.0,Milwaukee Brewers,120,FanDuel,2026-09-22T05:00:35.013953Z,lost,-100.0
Savant Fusion v3,2026-09-22,823494,2026-09-22T23:05:00Z,New York Yankees,Tampa Bay Rays,Tampa Bay Rays,Tampa Bay Rays,1,False,2,2/4 qualification gates passed,away confidence below 64%; reliability below 56%,0.4879,0.5121,0.5121,0.64,0.5474,0.56,0.0268,0.05,1.0,0.7,0.47,0.4391,0.5185,1,6,FanDuel,-130,110,100.0,Tampa Bay Rays,116,FanDuel,2026-09-22T05:00:35.014954Z,won,116.0
Savant Fusion v3,2026-09-22,823543,2026-09-22T17:05:00Z,New York Yankees,Tampa Bay Rays,New York Yankees,New York Yankees,1,False,2,2/4 qualification gates passed,home confidence below 64%; reliability below 56%,0.5093,0.4907,0.5093,0.64,0.5454,0.56,0.0381,0.05,1.0,0.7,0.498875,0.4265,0.5418,2,0,FanDuel,-134,116,100.0,New York Yankees,-132,FanDuel,2026-09-22T05:00:35.012954Z,won,75.76
Savant Fusion v3,2026-09-22,823897,2026-09-23T02:10:00Z,Los Angeles Dodgers,San Diego Padres,San Diego Padres,Los Angeles Dodgers,0,False,2,2/4 qualification gates passed,away confidence below 64%; reliability below 56%,0.4576,0.5424,0.5424,0.64,0.5465,0.56,0.0432,0.05,1.0,0.7,0.4758749999999999,0.4105,0.5245,7,0,FanDuel,-130,110,100.0,Los Angeles Dodgers,-120,FanDuel,2026-09-22T05:00:35.018953Z,won,83.33
Savant Fusion v3,2026-09-22,824061,2026-09-22T23:40:00Z,Kansas City Royals,Chicago White Sox,Kansas City Royals,Chicago White Sox,0,False,2,2/4 qualification gates passed,home confidence below 64%; reliability below 56%,0.5059,0.4941,0.5059,0.64,0.558,0.56,0.0256,0.05,1.0,0.7,0.5113249999999999,0.4587,0.5415,11,14,FanDuel,100,-118,100.0,Kansas City Royals,100,FanDuel,2026-09-22T05:00:35.015953Z,lost,-100.0
Savant Fusion v3,2026-09-22,824222,2026-09-22T22:40:00Z,Detroit Tigers,Washington Nationals,Detroit Tigers,Washington Nationals,0,False,1,1/4 qualification gates passed,home confidence below 64%; reliability below 56%; expert disagreement too high,0.5403,0.4597,0.5403,0.64,0.5171,0.56,0.0706,0.05,1.0,0.7,0.5854125,0.4909,0.6983,1,3,FanDuel,-152,128,100.0,Detroit Tigers,-158,FanDuel,2026-09-22T05:00:35.012954Z,lost,-100.0
Savant Fusion v3,2026-09-22,824302,2026-09-23T00:40:00Z,Colorado Rockies,Arizona Diamondbacks,Arizona Diamondbacks,Arizona Diamondbacks,1,False,2,2/4 qualification gates passed,away confidence below 64%; reliability below 56%,0.3834,0.6166,0.6166,0.64,0.5379,0.56,0.0304,0.05,1.0,0.7,0.3889625,0.3251,0.4198,2,7,FanDuel,154,-184,100.0,Arizona Diamondbacks,-188,FanDuel,2026-09-22T05:00:35.016953Z,won,53.19
Savant Fusion v3,2026-09-22,824624,2026-09-22T23:40:00Z,Chicago Cubs,Miami Marlins,Chicago Cubs,Miami Marlins,0,False,1,1/4 qualification gates passed,home confidence below 64%; reliability below 56%; expert disagreement too high,0.6339,0.3661,0.6339,0.64,0.5557,0.56,0.0536,0.05,1.0,0.7,0.668775,0.5845,0.7372,2,8,FanDuel,-200,168,100.0,Chicago Cubs,-210,FanDuel,2026-09-22T08:53:44.969308Z,lost,-100.0
Savant Fusion v3,2026-09-22,824709,2026-09-22T22:45:00Z,Boston Red Sox,Cleveland Guardians,Boston Red Sox,Cleveland Guardians,0,False,2,2/4 qualification gates passed,home confidence below 64%; reliability below 56%,0.5031,0.4969,0.5031,0.64,0.554,0.56,0.019,0.05,1.0,0.7,0.4962125,0.4722,0.5298,2,3,FanDuel,-124,106,100.0,Boston Red Sox,-130,FanDuel,2026-09-22T05:00:35.014954Z,lost,-100.0
Savant Fusion v3,2026-09-22,824867,2026-09-22T23:15:00Z,Atlanta Braves,Cincinnati Reds,Atlanta Braves,Cincinnati Reds,0,False,3,3/4 qualification gates passed,home confidence below 64%,0.5663,0.4337,0.5663,0.64,0.5676,0.56,0.0195,0.05,1.0,0.7,0.5417000000000001,0.5077,0.5736,0,4,FanDuel,-230,190,100.0,Atlanta Braves,-184,FanDuel,2026-09-22T05:00:35.015953Z,lost,-100.0
Savant Fusion v3,2026-09-22,824953,2026-09-23T01:40:00Z,Athletics,Los Angeles Angels,Athletics,Athletics,1,False,2,2/4 qualification gates passed,home confidence below 64%; reliability below 56%,0.5263,0.4737,0.5263,0.64,0.5559,0.56,0.0334,0.05,1.0,0.7,0.5455874999999999,0.5015,0.5851,9,7,FanDuel,-108,-108,100.0,Athletics,-112,FanDuel,2026-09-22T05:00:35.017953Z,won,89.29
Savant Fusion v3,2026-09-23,822841,2026-09-24T00:05:00Z,Texas Rangers,New York Mets,New York Mets,New York Mets,1,False,2,2/4 qualification gates passed,away confidence below 64%; reliability below 56%,0.4301,0.5699,0.5699,0.64,0.5358,0.56,0.0303,0.05,1.0,0.7,0.4214,0.364,0.4605,2,7,FanDuel,-108,-108,100.0,New York Mets,-118,FanDuel,2026-09-23T05:00:44.385878Z,won,84.75
Savant Fusion v3,2026-09-23,823086,2026-09-24T02:10:00Z,Seattle Mariners,Houston Astros,Seattle Mariners,Seattle Mariners,1,False,2,2/4 qualification gates passed,home confidence below 64%; reliability below 56%,0.5534,0.4466,0.5534,0.64,0.5495,0.56,0.0319,0.05,1.0,0.7,0.5589,0.5016,0.597,6,5,FanDuel,-130,110,100.0,Seattle Mariners,-146,FanDuel,2026-09-23T07:00:50.394975Z,won,68.49
Savant Fusion v3,2026-09-23,823168,2026-09-23T19:45:00Z,San Francisco Giants,Minnesota Twins,San Francisco Giants,Minnesota Twins,0,False,2,2/4 qualification gates passed,home confidence below 64%; reliability below 56%,0.5028,0.4972,0.5028,0.64,0.5441,0.56,0.0491,0.05,1.0,0.7,0.4741125,0.3824,0.5653,2,4,FanDuel,130,-154,100.0,Minnesota Twins,-152,FanDuel,2026-09-23T05:00:44.382878Z,won,65.79
Savant Fusion v3,2026-09-23,823327,2026-09-23T22:40:00Z,Pittsburgh Pirates,St. Louis Cardinals,Pittsburgh Pirates,St. Louis Cardinals,0,False,2,2/4 qualification gates passed,home confidence below 64%; reliability below 56%,0.5027,0.4973,0.5027,0.64,0.5333,0.56,0.0141,0.05,1.0,0.7,0.4835875,0.461,0.5072,1,5,FanDuel,-134,116,100.0,St. Louis Cardinals,-102,FanDuel,2026-09-23T05:00:44.383878Z,won,98.04
Savant Fusion v3,2026-09-23,823410,2026-09-23T22:40:00Z,Philadelphia Phillies,Milwaukee Brewers,Milwaukee Brewers,Milwaukee Brewers,1,False,2,2/4 qualification gates passed,away confidence below 64%; reliability below 56%,0.4744,0.5256,0.5256,0.64,0.5492,0.56,0.0269,0.05,1.0,0.7,0.4526625,0.3969,0.4844,1,4,FanDuel,108,-126,100.0,Milwaukee Brewers,-138,FanDuel,2026-09-23T05:00:44.383878Z,won,72.46
Savant Fusion v3,2026-09-23,823492,2026-09-23T23:05:00Z,New York Yankees,Tampa Bay Rays,New York Yankees,New York Yankees,1,False,3,3/4 qualification gates passed,home confidence below 64%,0.5305,0.4695,0.5305,0.64,0.5828,0.56,0.0348,0.05,1.0,0.7,0.5131749999999999,0.4665,0.5653,9,2,FanDuel,-144,122,100.0,Tampa Bay Rays,134,FanDuel,2026-09-23T05:00:44.383878Z,lost,-100.0
Savant Fusion v3,2026-09-23,823894,2026-09-24T02:10:00Z,Los Angeles Dodgers,San Diego Padres,Los Angeles Dodgers,San Diego Padres,0,False,2,2/4 qualification gates passed,home confidence below 64%; expert disagreement too high,0.6122,0.3878,0.6122,0.64,0.5645,0.56,0.0531,0.05,1.0,0.7,0.645775,0.5637,0.7134,1,5,FanDuel,-225,188,100.0,Los Angeles Dodgers,-215,FanDuel,2026-09-23T05:00:44.387381Z,lost,-100.0
Savant Fusion v3,2026-09-23,824060,2026-09-23T23:40:00Z,Kansas City Royals,Chicago White Sox,Kansas City Royals,Kansas City Royals,1,False,3,3/4 qualification gates passed,home confidence below 64%,0.533,0.467,0.533,0.64,0.5619,0.56,0.0296,0.05,1.0,0.7,0.5510875,0.5063,0.5871,5,4,FanDuel,-102,-116,100.0,Kansas City Royals,-102,FanDuel,2026-09-23T05:00:44.385878Z,won,98.04
Savant Fusion v3,2026-09-23,824223,2026-09-23T17:10:00Z,Detroit Tigers,Washington Nationals,Detroit Tigers,Washington Nationals,0,False,2,2/4 qualification gates passed,home confidence below 64%; reliability below 56%,0.5849,0.4151,0.5849,0.64,0.5515,0.56,0.0447,0.05,1.0,0.7,0.6050625000000001,0.5461,0.6578,2,4,FanDuel,-164,138,100.0,Detroit Tigers,-184,FanDuel,2026-09-23T05:00:44.381878Z,lost,-100.0
Savant Fusion v3,2026-09-23,824301,2026-09-24T00:40:00Z,Colorado Rockies,Arizona Diamondbacks,Arizona Diamondbacks,Arizona Diamondbacks,1,False,2,2/4 qualification gates passed,away confidence below 64%; reliability below 56%,0.3886,0.6114,0.6114,0.64,0.5371,0.56,0.0359,0.05,1.0,0.7,0.3933,0.3203,0.437,3,5,FanDuel,134,-158,100.0,Arizona Diamondbacks,-158,FanDuel,2026-09-23T05:00:44.385878Z,won,63.29
Savant Fusion v3,2026-09-23,824625,2026-09-23T23:40:00Z,Chicago Cubs,Miami Marlins,Chicago Cubs,Miami Marlins,0,False,2,2/4 qualification gates passed,home confidence below 64%; reliability below 56%,0.6008,0.3992,0.6008,0.64,0.5405,0.56,0.0241,0.05,1.0,0.7,0.6102,0.5795,0.6449,2,3,FanDuel,-180,152,100.0,Chicago Cubs,-178,FanDuel,2026-09-23T05:00:44.385878Z,lost,-100.0
Savant Fusion v3,2026-09-23,824710,2026-09-23T23:10:00Z,Boston Red Sox,Cleveland Guardians,Boston Red Sox,Boston Red Sox,1,False,3,3/4 qualification gates passed,home confidence below 64%,0.5034,0.4966,0.5034,0.64,0.567,0.56,0.0162,0.05,1.0,0.7,0.5022875,0.4836,0.5288,1,0,FanDuel,-134,114,100.0,Cleveland Guardians,114,FanDuel,2026-09-23T05:00:44.384878Z,lost,-100.0
Savant Fusion v3,2026-09-23,824784,2026-09-23T22:35:00Z,Baltimore Orioles,Toronto Blue Jays,Toronto Blue Jays,Baltimore Orioles,0,False,1,1/4 qualification gates passed,away confidence below 64%; reliability below 56%; advanced-data completeness too low,0.4947,0.5053,0.5053,0.64,0.5046,0.56,0.0401,0.05,0.6786,0.7,0.4979625,0.4314,0.5618,4,2,FanDuel,-120,102,100.0,Toronto Blue Jays,108,FanDuel,2026-09-23T05:00:44.382878Z,lost,-100.0
Savant Fusion v3,2026-09-23,824785,2026-09-23T17:35:00Z,Baltimore Orioles,Toronto Blue Jays,Baltimore Orioles,Baltimore Orioles,1,False,1,1/4 qualification gates passed,home confidence below 64%; reliability below 56%; expert disagreement too high,0.5081,0.4919,0.5081,0.64,0.5438,0.56,0.0531,0.05,1.0,0.7,0.496725,0.4102,0.5651,4,2,FanDuel,-126,108,100.0,Toronto Blue Jays,108,FanDuel,2026-09-23T05:00:44.381878Z,lost,-100.0
Savant Fusion v3,2026-09-23,824868,2026-09-23T23:15:00Z,Atlanta Braves,Cincinnati Reds,Atlanta Braves,Atlanta Braves,1,False,3,3/4 qualification gates passed,home confidence below 64%,0.6389,0.3611,0.6389,0.64,0.5867,0.56,0.041,0.05,1.0,0.7,0.6081749999999999,0.5305,0.6575,3,2,FanDuel,-255,210,100.0,Atlanta Braves,-255,FanDuel,2026-09-23T05:00:44.384878Z,won,39.22
Savant Fusion v3,2026-09-23,824951,2026-09-24T01:40:00Z,Athletics,Los Angeles Angels,Los Angeles Angels,Athletics,0,False,2,2/4 qualification gates passed,away confidence below 64%; reliability below 56%,0.4962,0.5038,0.5038,0.64,0.532,0.56,0.0443,0.05,1.0,0.7,0.5116125,0.4434,0.5697,7,3,FanDuel,114,-134,100.0,Los Angeles Angels,-136,FanDuel,2026-09-23T05:00:44.387381Z,lost,-100.0
Savant Fusion v3,2026-09-24,822842,2026-09-24T18:35:00Z,Texas Rangers,New York Mets,New York Mets,Texas Rangers,0,False,2,2/4 qualification gates passed,away confidence below 64%; reliability below 56%,0.4619,0.5381,0.5381,0.64,0.5378,0.56,0.0356,0.05,1.0,0.7,0.47435,0.4013,0.5202,3,1,FanDuel,-132,112,100.0,New York Mets,108,FanDuel,2026-09-24T05:06:33.598514Z,lost,-100.0
Savant Fusion v3,2026-09-24,823087,2026-09-25T01:40:00Z,Seattle Mariners,Los Angeles Angels,Seattle Mariners,Los Angeles Angels,0,False,2,2/4 qualification gates passed,home confidence below 64%; reliability below 56%,0.6114,0.3886,0.6114,0.64,0.5311,0.56,0.035,0.05,1.0,0.7,0.634725,0.583,0.6754,4,6,FanDuel,-196,164,100.0,Seattle Mariners,-198,FanDuel,2026-09-24T05:00:38.719603Z,lost,-100.0
Savant Fusion v3,2026-09-24,823326,2026-09-24T16:35:00Z,Pittsburgh Pirates,St. Louis Cardinals,Pittsburgh Pirates,Pittsburgh Pirates,1,False,2,2/4 qualification gates passed,home confidence below 64%; reliability below 56%,0.5048,0.4952,0.5048,0.64,0.5448,0.56,0.0207,0.05,1.0,0.7,0.489875,0.4655,0.532,2,1,FanDuel,-162,136,100.0,Pittsburgh Pirates,-162,FanDuel,2026-09-24T05:00:38.715603Z,won,61.73
Savant Fusion v3,2026-09-24,823411,2026-09-24T22:05:00Z,Philadelphia Phillies,Milwaukee Brewers,Philadelphia Phillies,Milwaukee Brewers,0,False,2,2/4 qualification gates passed,home confidence below 64%; reliability below 56%,0.504,0.496,0.504,0.64,0.5444,0.56,0.0236,0.05,1.0,0.7,0.4962,0.4638,0.5226,1,5,FanDuel,-134,114,100.0,Philadelphia Phillies,-118,FanDuel,2026-09-24T05:00:38.717603Z,lost,-100.0
Savant Fusion v3,2026-09-24,823493,2026-09-24T23:05:00Z,New York Yankees,Tampa Bay Rays,New York Yankees,New York Yankees,1,False,2,2/4 qualification gates passed,home confidence below 64%; reliability below 56%,0.5238,0.4762,0.5238,0.64,0.5557,0.56,0.0364,0.05,1.0,0.7,0.4981,0.4269,0.5519,6,4,FanDuel,-146,124,100.0,New York Yankees,-144,FanDuel,2026-09-24T05:00:38.718603Z,won,69.44
Savant Fusion v3,2026-09-24,823895,2026-09-25T02:10:00Z,Los Angeles Dodgers,San Diego Padres,Los Angeles Dodgers,San Diego Padres,0,False,1,1/4 qualification gates passed,home confidence below 64%; reliability below 56%; expert disagreement too high,0.5761,0.4239,0.5761,0.64,0.5561,0.56,0.0561,0.05,1.0,0.7,0.610125,0.5323,0.6789,2,4,FanDuel,-174,146,100.0,Los Angeles Dodgers,-180,FanDuel,2026-09-24T05:00:38.719603Z,lost,-100.0
Savant Fusion v3,2026-09-24,824059,2026-09-24T18:10:00Z,Kansas City Royals,Chicago White Sox,Chicago White Sox,Chicago White Sox,1,False,2,2/4 qualification gates passed,away confidence below 64%; reliability below 56%,0.4863,0.5137,0.5137,0.64,0.5226,0.56,0.031,0.05,1.0,0.7,0.497975,0.4485,0.5348,1,9,FanDuel,112,-132,100.0,Chicago White Sox,-130,FanDuel,2026-09-24T05:06:33.597514Z,won,76.92
Savant Fusion v3,2026-09-24,824298,2026-09-24T19:10:00Z,Colorado Rockies,Arizona Diamondbacks,Arizona Diamondbacks,Arizona Diamondbacks,1,False,2,2/4 qualification gates passed,away confidence below 64%; reliability below 56%,0.3638,0.6362,0.6362,0.64,0.5523,0.56,0.0441,0.05,1.0,0.7,0.34555,0.2964,0.4112,8,12,FanDuel,162,-194,100.0,Arizona Diamondbacks,-176,FanDuel,2026-09-24T05:00:38.717603Z,won,56.82
Savant Fusion v3,2026-09-24,824623,2026-09-24T18:20:00Z,Chicago Cubs,Miami Marlins,Chicago Cubs,Chicago Cubs,1,False,2,2/4 qualification gates passed,home confidence below 64%; reliability below 56%,0.5293,0.4707,0.5293,0.64,0.5498,0.56,0.0371,0.05,1.0,0.7,0.5082249999999999,0.459,0.5637,2,1,FanDuel,-200,168,100.0,Chicago Cubs,-198,FanDuel,2026-09-24T05:00:38.716603Z,won,50.51
Savant Fusion v3,2026-09-24,824707,2026-09-24T22:45:00Z,Boston Red Sox,Cleveland Guardians,Boston Red Sox,Cleveland Guardians,0,False,1,1/4 qualification gates passed,home confidence below 64%; reliability below 56%; expert disagreement too high,0.5083,0.4917,0.5083,0.64,0.5544,0.56,0.0584,0.05,1.0,0.7,0.484375,0.4093,0.5876,0,1,FanDuel,-130,110,100.0,Boston Red Sox,-134,FanDuel,2026-09-24T05:00:38.717603Z,lost,-100.0
Savant Fusion v3,2026-09-24,824866,2026-09-24T23:15:00Z,Atlanta Braves,Cincinnati Reds,Atlanta Braves,Cincinnati Reds,0,False,3,3/4 qualification gates passed,home confidence below 64%,0.6243,0.3757,0.6243,0.64,0.5732,0.56,0.0269,0.05,1.0,0.7,0.6144000000000001,0.5706,0.653,6,7,FanDuel,-220,184,100.0,Atlanta Braves,-215,FanDuel,2026-09-24T05:00:38.718603Z,lost,-100.0
Savant Fusion v3,2026-09-24,824950,2026-09-25T01:40:00Z,Athletics,Houston Astros,Houston Astros,Houston Astros,1,False,2,2/4 qualification gates passed,away confidence below 64%; reliability below 56%,0.4474,0.5526,0.5526,0.64,0.5355,0.56,0.0271,0.05,1.0,0.7,0.4452,0.4067,0.4865,5,7,FanDuel,150,-178,100.0,Houston Astros,-162,FanDuel,2026-09-24T07:06:35.381423Z,won,61.73
Savant Fusion v3,2026-09-25,822681,2026-09-25T22:45:00Z,Washington Nationals,New York Mets,New York Mets,Washington Nationals,0,False,1,1/4 qualification gates passed,away confidence below 64%; reliability below 56%; advanced-data completeness too low,0.3998,0.6002,0.6002,0.64,0.4998,0.56,0.0321,0.05,0.6786,0.7,0.367425,0.3147,0.419,7,6,FanDuel,-108,-108,100.0,New York Mets,-134,FanDuel,2026-09-25T05:00:31.835931Z,lost,-100.0
Savant Fusion v3,2026-09-25,822760,2026-09-25T23:07:00Z,Toronto Blue Jays,Cincinnati Reds,Toronto Blue Jays,Toronto Blue Jays,1,False,1,1/4 qualification gates passed,home confidence below 64%; reliability below 56%; expert disagreement too high,0.5835,0.4165,0.5835,0.64,0.5553,0.56,0.0581,0.05,1.0,0.7,0.61005,0.5274,0.6688,6,5,FanDuel,-154,130,100.0,Toronto Blue Jays,-136,FanDuel,2026-09-25T05:00:31.835931Z,won,73.53
Savant Fusion v3,2026-09-25,823085,2026-09-26T02:10:00Z,Seattle Mariners,Los Angeles Angels,Seattle Mariners,Los Angeles Angels,0,False,2,2/4 qualification gates passed,home confidence below 64%; reliability below 56%,0.5494,0.4506,0.5494,0.64,0.5598,0.56,0.0361,0.05,1.0,0.7,0.5719125,0.5135,0.6158,5,7,FanDuel,-118,100,100.0,Seattle Mariners,-132,FanDuel,2026-09-25T05:00:31.838931Z,lost,-100.0
Savant Fusion v3,2026-09-25,823167,2026-09-26T02:15:00Z,San Francisco Giants,Los Angeles Dodgers,Los Angeles Dodgers,Los Angeles Dodgers,1,False,2,2/4 qualification gates passed,away confidence below 64%; reliability below 56%,0.364,0.636,0.636,0.64,0.5312,0.56,0.0385,0.05,1.0,0.7,0.3717625,0.3094,0.4106,0,2,FanDuel,265,-330,100.0,Los Angeles Dodgers,-375,FanDuel,2026-09-25T05:00:31.839930Z,won,26.67
Savant Fusion v3,2026-09-25,823248,2026-09-26T01:40:00Z,San Diego Padres,Arizona Diamondbacks,San Diego Padres,Arizona Diamondbacks,0,False,3,3/4 qualification gates passed,home confidence below 64%,0.5201,0.4799,0.5201,0.64,0.5728,0.56,0.0248,0.05,1.0,0.7,0.5185,0.4647,0.5517,4,11,FanDuel,-130,110,100.0,San Diego Padres,-132,FanDuel,2026-09-25T05:00:31.838931Z,lost,-100.0
Savant Fusion v3,2026-09-25,823409,2026-09-25T22:40:00Z,Philadelphia Phillies,Tampa Bay Rays,Philadelphia Phillies,Tampa Bay Rays,0,False,3,3/4 qualification gates passed,home confidence below 64%,0.5465,0.4535,0.5465,0.64,0.5945,0.56,0.023,0.05,1.0,0.7,0.5572875,0.5313,0.5957,0,2,FanDuel,-178,150,100.0,Philadelphia Phillies,-162,FanDuel,2026-09-25T05:00:31.834930Z,lost,-100.0
Savant Fusion v3,2026-09-25,823489,2026-09-25T20:10:00Z,New York Yankees,Baltimore Orioles,Baltimore Orioles,New York Yankees,0,False,2,2/4 qualification gates passed,away confidence below 64%; reliability below 56%,0.4746,0.5254,0.5254,0.64,0.5383,0.56,0.0289,0.05,1.0,0.7,0.4597875,0.4146,0.5057,6,3,FanDuel,1700,-10000,100.0,Baltimore Orioles,114,FanDuel,2026-09-25T05:11:37.098629Z,lost,-100.0
Savant Fusion v3,2026-09-25,823491,2026-09-25T20:05:00Z,New York Yankees,Baltimore Orioles,Baltimore Orioles,Baltimore Orioles,1,False,2,2/4 qualification gates passed,away confidence below 64%; reliability below 56%,0.4121,0.5879,0.5879,0.64,0.5338,0.56,0.0366,0.05,1.0,0.7,0.41307499999999997,0.3732,0.4921,2,10,FanDuel,-110,-106,100.0,Baltimore Orioles,114,FanDuel,2026-09-25T05:11:37.099629Z,won,114.0
Savant Fusion v3,2026-09-25,823652,2026-09-26T00:10:00Z,Minnesota Twins,Texas Rangers,Texas Rangers,Minnesota Twins,0,False,2,2/4 qualification gates passed,away confidence below 64%; reliability below 56%,0.4702,0.5298,0.5298,0.64,0.532,0.56,0.033,0.05,1.0,0.7,0.466875,0.432,0.5275,10,2,FanDuel,108,-126,100.0,Texas Rangers,-108,FanDuel,2026-09-25T05:00:31.837930Z,lost,-100.0
Savant Fusion v3,2026-09-25,823735,2026-09-25T23:40:00Z,Milwaukee Brewers,St. Louis Cardinals,Milwaukee Brewers,Milwaukee Brewers,1,False,3,3/4 qualification gates passed,home confidence below 64%,0.5873,0.4127,0.5873,0.64,0.5833,0.56,0.025,0.05,1.0,0.7,0.5896625,0.5601,0.6274,8,4,FanDuel,-188,158,100.0,Milwaukee Brewers,-172,FanDuel,2026-09-25T05:00:31.837930Z,won,58.14
Savant Fusion v3,2026-09-25,823816,2026-09-25T23:10:00Z,Miami Marlins,Atlanta Braves,Miami Marlins,Miami Marlins,1,False,2,2/4 qualification gates passed,home confidence below 64%; reliability below 56%,0.5217,0.4783,0.5217,0.64,0.5442,0.56,0.0436,0.05,1.0,0.7,0.5416875,0.448,0.5854,3,0,FanDuel,100,-118,100.0,Atlanta Braves,-124,FanDuel,2026-09-25T05:00:31.835931Z,lost,-100.0
Savant Fusion v3,2026-09-25,824058,2026-09-25T23:40:00Z,Kansas City Royals,Cleveland Guardians,Cleveland Guardians,Cleveland Guardians,1,False,2,2/4 qualification gates passed,away confidence below 64%; reliability below 56%,0.395,0.605,0.605,0.64,0.5367,0.56,0.0215,0.05,1.0,0.7,0.3711375,0.3482,0.4135,9,12,FanDuel,120,-142,100.0,Cleveland Guardians,-142,FanDuel,2026-09-25T05:00:31.836930Z,won,70.42
Savant Fusion v3,2026-09-25,824220,2026-09-25T22:40:00Z,Detroit Tigers,Pittsburgh Pirates,Detroit Tigers,Detroit Tigers,1,False,1,1/4 qualification gates passed,home confidence below 64%; reliability below 56%; expert disagreement too high,0.5194,0.4806,0.5194,0.64,0.5353,0.56,0.0529,0.05,1.0,0.7,0.5571375000000001,0.4752,0.6317,8,7,FanDuel,-118,100,100.0,Detroit Tigers,-108,FanDuel,2026-09-25T05:00:31.834930Z,won,92.59
Savant Fusion v3,2026-09-25,824544,2026-09-25T23:40:00Z,Chicago White Sox,Colorado Rockies,Chicago White Sox,Chicago White Sox,1,False,2,2/4 qualification gates passed,home confidence below 64%; reliability below 56%,0.6109,0.3891,0.6109,0.64,0.5536,0.56,0.0404,0.05,1.0,0.7,0.6304750000000001,0.5632,0.6941,6,1,FanDuel,-235,194,100.0,Chicago White Sox,-235,FanDuel,2026-09-25T05:00:31.836930Z,won,42.55
Savant Fusion v3,2026-09-25,824703,2026-09-25T17:05:00Z,Boston Red Sox,Chicago Cubs,Boston Red Sox,Boston Red Sox,1,False,1,1/4 qualification gates passed,home confidence below 64%; reliability below 56%; expert disagreement too high,0.5224,0.4776,0.5224,0.64,0.5404,0.56,0.0503,0.05,1.0,0.7,0.4940375,0.3825,0.5409,4,3,FanDuel,108,-126,100.0,Boston Red Sox,106,FanDuel,2026-09-25T05:11:37.097630Z,won,106.0
Savant Fusion v3,2026-09-25,824706,2026-09-25T21:35:00Z,Boston Red Sox,Chicago Cubs,Chicago Cubs,Boston Red Sox,0,False,2,2/4 qualification gates passed,away confidence below 64%; reliability below 56%,0.4449,0.5551,0.5551,0.64,0.5425,0.56,0.0366,0.05,1.0,0.7,0.42005000000000003,0.3726,0.4713,2,0,FanDuel,-102,-116,100.0,Chicago Cubs,-116,FanDuel,2026-09-25T05:11:37.099629Z,lost,-100.0
Savant Fusion v3,2026-09-25,824947,2026-09-26T01:40:00Z,Athletics,Houston Astros,Houston Astros,Athletics,0,False,2,2/4 qualification gates passed,away confidence below 64%; reliability below 56%,0.4484,0.5516,0.5516,0.64,0.5347,0.56,0.0456,0.05,1.0,0.7,0.4251,0.3497,0.477,6,5,FanDuel,160,-190,100.0,Houston Astros,116,FanDuel,2026-09-25T05:00:31.838931Z,lost,-100.0
