team,selections,correct_predictions,incorrect_predictions,accuracy_pct
Baltimore Orioles,3,3,0,100.0
Milwaukee Brewers,10,9,1,90.0
San Diego Padres,8,7,1,87.5
Pittsburgh Pirates,7,6,1,85.71428571428571
Cleveland Guardians,5,4,1,80.0
Tampa Bay Rays,8,6,2,75.0
Los Angeles Dodgers,11,8,3,72.72727272727273
Chicago White Sox,7,5,2,71.42857142857143
Arizona Diamondbacks,6,4,2,66.66666666666667
Minnesota Twins,3,2,1,66.66666666666667
Texas Rangers,3,2,1,66.66666666666667
Toronto Blue Jays,5,3,2,60.0
Boston Red Sox,7,4,3,57.142857142857146
Chicago Cubs,7,4,3,57.142857142857146
Seattle Mariners,7,4,3,57.142857142857146
New York Mets,8,4,4,50.0
New York Yankees,8,4,4,50.0
Detroit Tigers,6,3,3,50.0
Athletics,4,2,2,50.0
Washington Nationals,4,2,2,50.0
Colorado Rockies,2,1,1,50.0
Miami Marlins,2,1,1,50.0
Houston Astros,6,2,4,33.333333333333336
Los Angeles Angels,6,2,4,33.333333333333336
San Francisco Giants,3,1,2,33.333333333333336
Atlanta Braves,4,1,3,25.0
St. Louis Cardinals,4,1,3,25.0
Kansas City Royals,5,1,4,20.0
