season,week,game_id,gameday,home_team,away_team,predicted_winner,actual_winner,correct,confidence,qualified,bet_status,bet_pnl,bet_stake
2026,3,2026_03_ATL_GB,2026-09-24,Green Bay Packers,Atlanta Falcons,Green Bay Packers,Atlanta Falcons,0,0.5025,False,,,
2026,3,2026_03_CAR_CLE,2026-09-27,Cleveland Browns,Carolina Panthers,Cleveland Browns,Cleveland Browns,1,0.5373,False,,,
2026,3,2026_03_CIN_PIT,2026-09-27,Pittsburgh Steelers,Cincinnati Bengals,Pittsburgh Steelers,Pittsburgh Steelers,1,0.6356,False,,,
2026,3,2026_03_HOU_IND,2026-09-27,Indianapolis Colts,Houston Texans,Indianapolis Colts,Indianapolis Colts,1,0.592,False,,,
2026,3,2026_03_KC_MIA,2026-09-27,Miami Dolphins,Kansas City Chiefs,Kansas City Chiefs,Kansas City Chiefs,1,0.7406,False,,,
2026,3,2026_03_LAC_BUF,2026-09-27,Buffalo Bills,Los Angeles Chargers,Buffalo Bills,Buffalo Bills,1,0.8071,False,,,
2026,3,2026_03_NE_JAX,2026-09-27,Jacksonville Jaguars,New England Patriots,Jacksonville Jaguars,Jacksonville Jaguars,1,0.5478,False,,,
2026,3,2026_03_NYJ_DET,2026-09-27,Detroit Lions,New York Jets,Detroit Lions,Detroit Lions,1,0.7487,False,,,
2026,3,2026_03_SEA_WAS,2026-09-27,Washington Commanders,Seattle Seahawks,Seattle Seahawks,Washington Commanders,0,0.5734,False,,,
2026,3,2026_03_TEN_NYG,2026-09-27,New York Giants,Tennessee Titans,New York Giants,New York Giants,1,0.6002,False,,,
2026,3,2026_03_ARI_SF,2026-09-27,San Francisco 49ers,Arizona Cardinals,San Francisco 49ers,San Francisco 49ers,1,0.9026,False,,,
2026,3,2026_03_MIN_TB,2026-09-27,Tampa Bay Buccaneers,Minnesota Vikings,Minnesota Vikings,Minnesota Vikings,1,0.5258,False,,,
2026,3,2026_03_BAL_DAL,2026-09-27,Dallas Cowboys,Baltimore Ravens,Baltimore Ravens,Baltimore Ravens,1,0.6501,False,,,
2026,3,2026_03_LV_NO,2026-09-27,New Orleans Saints,Las Vegas Raiders,Las Vegas Raiders,Las Vegas Raiders,1,0.5479,False,,,
2026,3,2026_03_LA_DEN,2026-09-27,Denver Broncos,Los Angeles Rams,Los Angeles Rams,Denver Broncos,0,0.5238,False,,,
2026,3,2026_03_PHI_CHI,2026-09-28,Chicago Bears,Philadelphia Eagles,Chicago Bears,Chicago Bears,1,0.5417,False,,,
