team,games,accuracy
Arizona Cardinals,1,0.0
Pittsburgh Steelers,1,0.0
New York Giants,1,0.0
New England Patriots,1,0.0
Indianapolis Colts,1,0.0
Detroit Lions,1,0.0
Cleveland Browns,1,0.0
Washington Commanders,1,0.0
Carolina Panthers,1,0.0
Buffalo Bills,1,0.0
Dallas Cowboys,2,0.5
Tampa Bay Buccaneers,2,0.5
Seattle Seahawks,1,1.0
San Francisco 49ers,1,1.0
Atlanta Falcons,1,1.0
Philadelphia Eagles,1,1.0
New York Jets,1,1.0
Baltimore Ravens,1,1.0
New Orleans Saints,1,1.0
Minnesota Vikings,1,1.0
Miami Dolphins,1,1.0
Los Angeles Rams,1,1.0
Los Angeles Chargers,1,1.0
Las Vegas Raiders,1,1.0
Tennessee Titans,1,1.0
Jacksonville Jaguars,1,1.0
Houston Texans,1,1.0
Green Bay Packers,1,1.0
Chicago Bears,1,1.0
Denver Broncos,1,1.0
Cincinnati Bengals,1,1.0
Kansas City Chiefs,1,1.0
